6212be1bcc56e26db7b88069,pesawat,fly-sale
61dd33d7931eb736ed81db22,to-do,bank-moto-gp
6131cd2bb6f60051028c8103,pesawat,pesawat-mandalika
61d90a198648275971cc4c5e,hotel,hotel-motogp
61975fffcc21c636fd6a71d3,pesawat,promo-pesawat
61d2d3e56d87132313c1ed0d,sewa-mobil,sewa-mobil-mandalika
61d3fcd42ff50b60642760dc,car-transfer,car-transfer-mandalika
6218800413d1dd1faa40aa7e,pesawat,tiket-singapura
6214604fcc56e26db7b89263,hotel,promo-hotel-murah
6140140282202d4957ab27bf,pesawat,promo-penerbangan-internasional
61274a944e66a270dbf4be37,kereta-api,promo-kereta-api